engagement_id,substitution_clause,substitution_fettered,substitution_attempted,substitute_payment,decides_what_work_and_what_order,decides_how_work_performed,hours_and_location_set,report_to_a_manager,clients_last_12_months,own_trading_name,own_insurance,own_vat,defective_work_corrected,loss_on_engagement,who_provide_equipment,presented_as_part_of_organisation,staff_benefits_training_management,total_engagement_length,extension_count,exclusivity_clause,practical_bar,paid_for_time_or_completion
ENG-0001,False,,No attempt was made because the client required the named worker to perform the services personally.,unspecified,The client assigns tasks through its operations coordinator and sets their order each morning.,The worker follows the client's documented procedures and has limited discretion over the method.,"Hours are fixed at 8:30 to 17:00, Monday to Friday, at the client's premises.",The worker reports directly to the warehouse manager and attends a short daily briefing.,1,False,False,False,"The client arranges and pays for correction of errors, unless they were caused by deliberate misconduct.",The worker cannot realistically make a loss because they receive an hourly wage and supply no significant materials.,client,The worker wears the client's uniform and is listed on the internal staff rota. Customers are introduced to them as a member of the client's team.,"They receive paid induction training and use the same staff facilities as employees, but do not receive the full holiday package.",14,2,True,The fixed weekday schedule makes other regular work practically impossible. Occasional evening work elsewhere would be possible.,time
ENG-0002,True,True,The contractor proposed a substitute during a family emergency. The client interviewed the person and rejected them because they lacked the required site accreditation.,worker,The contractor accepts projects from a statement of work and decides which deliverables to tackle first.,"The contractor chooses the technical approach, software, and workflow, subject to the agreed specification.","No hours are prescribed; meetings are usually remote, with occasional access to the client's office by arrangement.",There is no line manager. The contractor sends progress updates to a project contact who checks deliverables.,4,True,True,True,The contractor must correct defects at their own expense within the agreed warranty period. They normally do the remedial work themselves.,A fixed fee means the contractor can lose money if the work takes longer than estimated or subcontracting costs rise.,worker,The contractor uses their own business name on correspondence and is not shown on the staff directory. External communications identify them as an independent supplier.,No employee benefits are provided. The contractor completed one client security briefing but receives no ongoing training or supervision.,9,1,False,Other work is expressly permitted and the contractor has several concurrent clients. Deadlines are the only practical constraint.,completion
ENG-0003,True,False,A substitute designer covered three weeks of work and was accepted after a basic portfolio check. The worker paid the substitute directly.,worker,The worker chooses which assignments to accept from a shared brief list and sequences the work independently.,"The worker determines the creative method, tools, and review process, provided the final assets meet the brief.","The worker sets their own hours and works mainly from a home studio, attending planned client meetings.",There is no manager. A brand lead provides feedback on drafts but does not direct the worker's day-to-day activity.,7,True,True,False,The worker revises rejected work without an additional fee where it falls outside the agreed brief. Major changes requested later are charged separately.,The worker bears the cost of wasted design time and can make a loss if revisions exceed the quoted allowance.,worker,They use their own email signature and are not presented as staff. Their portfolio and trading name appear on proposals.,There are no benefits or formal training. Feedback is limited to scheduled creative reviews.,6,0,False,The worker regularly fits other commissions around this engagement. There is no practical restriction beyond agreed delivery dates.,both
ENG-0004,False,,No attempt was made; the service agreement and client practice required personal attendance.,unspecified,The clinic's rota manager allocates appointments and determines the order of patient visits.,"The worker uses professional judgment, but the clinic sets mandatory protocols and treatment documentation standards.",The clinic sets regular shifts and requires the worker to attend its treatment rooms.,"The worker reports to the clinical lead, who reviews records and discusses any incidents.",1,False,True,False,The clinic handles patient follow-up and correction. The worker may be asked to repeat an assessment but does not usually bear the financial cost.,There is little opportunity for a loss because payment is hourly and equipment is supplied by the clinic.,client,The worker appears on the clinic rota and introduces themselves using the clinic's name. Patients generally perceive them as part of the clinic staff.,"They receive mandatory clinical training and regular supervision, but no pension or paid holiday benefits.",22,3,True,The rota and exclusivity arrangement leave little practical capacity for other work during the engagement.,time
ENG-0005,True,True,"The worker once sent a colleague to an installation, but the client required prior approval and the colleague was not accepted. The worker then completed the job personally.",worker,The client issues jobs through a portal and determines the priority of each call-out.,The worker chooses the practical method but must follow the client's safety checklist and installation standards.,"The client specifies appointment windows and customer locations, while travel between jobs is arranged by the worker.","A field-services supervisor monitors completion and is available for escalations, though there is no continuous supervision.",3,False,True,False,The worker returns without charge to correct workmanship defects within 30 days. The client pays for faults caused by supplied materials.,"The worker can lose money through unpaid travel, wasted visits, or buying small replacement parts.",mixed,The worker wears a branded jacket and uses a client-issued job application. Customers may assume they are part of the client's service team.,The worker receives an online safety induction but no employee benefits. Performance is monitored through customer ratings and completion reports.,11,1,False,"Other work is possible, although the client's appointment windows often occupy the most useful daytime slots.",both
ENG-0006,True,False,The contractor used a small network of approved specialists on two occasions. The client was notified but did not interview or approve each individual.,client,"The contractor proposes a backlog and agrees milestones with the client, then controls the order of delivery.","The contractor decides the method and may delegate technical tasks, subject only to acceptance criteria.","Work is performed at times chosen by the contractor, mostly remotely. Site visits are arranged when testing is necessary.",There is no manager or daily reporting line; fortnightly steering meetings cover risks and completed milestones.,5,True,True,True,The contractor is responsible for fixing defects identified during acceptance at their own cost. Third-party specialist costs are paid from the contractor's fee.,The contractor carries a meaningful risk of loss if subcontractor charges or rework exceed the fixed project price.,worker,The contractor is presented as an external consultancy and uses its own branding. It has no internal title or staff profile.,No benefits or internal training are provided. The contractor manages its own team and attends only project governance meetings.,18,2,False,"The consultancy serves several clients and can accept other projects, subject to meeting the agreed milestones.",completion
ENG-0007,False,,No attempt was made. The worker was engaged for their personal knowledge of the client's records.,unspecified,"The compliance director assigns cases and sets deadlines, usually in a weekly work queue.","The worker follows the client's templates and escalation rules, with some discretion over research and drafting.","Core hours are 10:00 to 16:00, with work split between the client's office and approved home working.",The worker reports to the compliance director and has monthly one-to-one meetings.,1,False,False,False,The worker revises inaccurate reports during paid time. The client bears the cost of any resulting administrative rework.,"The worker has no significant financial exposure and is paid for time spent, whether or not a particular case is completed.",mixed,The worker has a company email address and appears in the internal directory. External contacts are told they are working on behalf of the client.,"They receive data-protection training and regular supervision, but are excluded from the client's bonus scheme.",8,1,False,"Part-time hours leave room for other work, although confidentiality obligations prevent work for direct competitors.",time
ENG-0008,True,True,"The worker suggested a replacement after an injury, but the client required a named person with the same certification. No replacement was ultimately used.",worker,The client schedules each event and allocates the worker's duties in a detailed run sheet.,"The worker can use personal judgment in dealing with visitors, but the client dictates the event procedures and script.",Shift times and venues are fixed by the client and can include early mornings and weekends.,The worker reports to the event manager during every shift and receives instructions through a radio channel.,2,False,True,False,"If duties are missed, the client arranges cover or a repeat visit and generally absorbs the cost. The worker may lose the shift fee for serious non-attendance.",The worker cannot normally make a loss beyond unpaid time or travel because the client supplies the materials.,client,The worker wears the client's event uniform and is introduced to attendees as part of the event team.,"A short induction is required for each venue, with close shift supervision. No broader staff benefits are available.",4,0,True,The irregular but long shifts make it difficult to accept other bookings on event days. Work on non-event days remains possible.,time
ENG-0009,True,False,The sole trader used an associate for routine data cleansing without seeking permission. The client accepted the completed files and paid the sole trader.,worker,The worker receives a broad data objective and decides which datasets and tasks to process first.,"The worker chooses the software, validation approach, and working method, provided the output meets the agreed schema.",There are no fixed hours or location requirements. The work is completed from the worker's own office.,"The worker has a client contact for questions but no manager, supervision, or routine reporting obligation.",8,True,True,True,The worker must correct rejected files at no extra charge. Any assistant they hire is paid by the worker.,"The fixed fee creates a modest risk of loss from inefficient processing, software subscriptions, or subcontracting.",worker,The worker uses an independent business name and is not included in the client's organisational chart. They communicate as an outside data service.,There are no benefits or training beyond a short briefing on the client's file format.,3,0,False,The worker is free to take other jobs and has done so throughout the engagement.,completion
ENG-0010,False,,No attempt was made; the engagement letter states that the named analyst must perform the work.,unspecified,The client assigns analysis tickets and reprioritises them through a team leader.,"The worker chooses how to investigate issues but uses the client's mandatory tools, controls, and review process.",The worker is expected online during 9:00 to 17:30 and attends the client's office two days each week.,"The worker reports to the analytics manager, joins team stand-ups, and receives quarterly performance feedback.",1,False,False,False,"Errors are corrected by the worker during subsequent paid hours, with the team absorbing any wider rework.",There is no realistic risk of financial loss because payment is based on time and the client provides the required systems.,client,"The worker has a client laptop, email address, and permanent desk. Internally and externally they are presented as part of the analytics function.","They attend team training and receive supervised onboarding, but have no paid leave or employee bonus.",16,2,True,The full-time schedule and exclusivity clause make other work impractical during the engagement.,both
ENG-0011,True,True,"The worker arranged for a qualified colleague to cover one shift. The client approved the colleague after checking insurance and certification, and the worker paid them.",worker,The client sets the daily cleaning schedule and determines which areas must be completed first.,The worker follows the client's cleaning standards but chooses the detailed sequence and products within safety limits.,"The client specifies evening shifts and the building location, with a small amount of flexibility around start time.",The worker reports completion to the facilities supervisor and receives occasional inspection feedback.,3,True,True,False,The worker must return to rectify missed areas without another payment. They pay any helper used for the work.,"The worker can make a small loss if replacement labour, supplies, or extra travel costs exceed the agreed fee.",mixed,The worker wears a plain access badge and is known to building staff as an external cleaner. They are not included in the client's employee directory.,"They receive a site induction and occasional safety reminders, but no benefits or close supervision.",27,4,False,"Evening shifts leave daytime availability for other clients, and the worker has several smaller cleaning contracts.",completion
ENG-0012,True,False,The consultant delegated part of the research to a junior researcher without seeking approval. The client accepted the report from the consultant as the contracting party.,worker,The consultant agreed the outcome with the client and independently planned the research stages and order.,"The consultant selects the methodology, interview format, and analysis tools.",There are no set hours or required workplace. Interviews are booked around participant availability.,The consultant reports on milestones to a sponsor but is not managed day to day.,6,True,True,True,The consultant must amend work that fails the agreed scope without extra payment. Rework by any assistant is funded from the project fee.,The consultant bears the risk of lost time and can make a substantial loss if recruitment or research costs exceed the quote.,worker,The consultant uses a separate company identity and is described in documents as an external adviser. They are not presented as a member of the client's workforce.,No benefits or internal training are offered. The client provides only a project briefing and access to relevant documents.,13,1,False,The consultant can accept other work and has reserved only agreed milestone dates for this project.,completion
ENG-0013,False,,No attempt was made. The client required the worker's personal attendance at each scheduled lesson.,unspecified,"The school sets the curriculum, lesson timetable, and order of topics.",The teacher chooses classroom examples and teaching style within the school's curriculum and safeguarding rules.,"Teaching hours and classroom location are fixed by the school timetable, with preparation done at home.",The teacher reports to the head of department and attends termly planning meetings.,1,False,True,False,The school manages missed or inadequate lessons through additional teaching or reassignment. The teacher does not normally pay the correction cost.,There is minimal financial risk because the teacher is paid per teaching session and uses school facilities.,client,Students and parents are told that the teacher is part of the school faculty. The teacher uses school systems and an institutional email address.,"The teacher attends safeguarding training and receives regular departmental guidance, but is not eligible for the school's pension scheme.",10,1,False,"The school timetable occupies set weekdays, leaving limited but usable time for private tutoring outside those hours.",time
ENG-0014,True,True,A substitute was proposed for a weekend delivery run but failed the client's driving and security checks. The worker completed the run instead.,worker,The client provides the delivery list and route priorities. The worker can adjust the sequence for traffic or access reasons.,The worker chooses the route and loading method but must comply with the client's scanning and proof-of-delivery procedures.,"The client sets collection times and delivery windows, while the worker starts from a chosen depot.","The worker has a dispatch contact who tracks progress and handles exceptions, but no continuous manager.",2,True,True,False,The worker must revisit failed deliveries at their own cost where the failure was due to their error. Customer-caused failures are paid separately.,"Fuel, vehicle maintenance, parking, and unpaid return journeys can leave the worker with a loss.",worker,The vehicle is unbranded and the worker invoices under a trading name. Recipients see them as an independent courier rather than client staff.,"A short app and safety induction is required, but there are no benefits and little direct supervision.",7,1,False,"The delivery windows occupy much of the daytime, but the worker takes evening and weekend routes for other clients.",both
ENG-0015,True,True,"The contractor named an assistant who met the stated qualification requirements. The client approved the assistant, and the contractor paid them from the project fee.",worker,The contractor agrees outcomes with the client and chooses the order in which the audit areas are examined.,"The contractor selects the audit approach and working papers, subject to professional standards and the agreed scope.","The contractor sets working hours and works remotely, with occasional pre-arranged visits to the client's premises.",The contractor presents findings to a finance director but is not subject to line management.,9,True,True,True,The contractor corrects errors in the final report without further charge. The cost of assistant time and any extra checking remains with the contractor.,The fixed fee exposes the contractor to loss if records are incomplete or the assistant requires extensive supervision.,worker,The contractor uses an independent practice name and is described as an external auditor. They have no employee title or internal reporting position.,"No benefits or training are provided, apart from a client confidentiality briefing.",5,0,False,"Other engagements are actively undertaken, with this work scheduled around fixed reporting deadlines.",completion
ENG-0016,False,,No attempt was made because the worker was recruited for a role requiring direct access to confidential client accounts.,unspecified,The account director assigns client portfolios and prioritises requests through a shared queue.,"The worker follows scripted processes and approval limits set by the company, with little choice over method.",The company sets shifts between 7:00 and 19:00 and requires attendance at its contact centre.,"The worker reports to a team leader, attends daily huddles, and is subject to call-quality monitoring.",1,False,False,False,The company handles customer remediation and quality corrections. The worker may receive coaching but does not pay for the correction.,The worker bears no meaningful commercial risk and is paid for scheduled hours.,client,"The worker uses the company's phone system, email, badge, and scripts. Customers are told they are speaking to a company representative.","They receive structured induction, ongoing coaching, and access to selected staff discounts, but not the full permanent employee package.",31,4,True,Rotating shifts and the exclusivity clause make other employment practically unavailable.,time
ENG-0017,True,False,The gardener sent a trained helper for two visits and informed the client afterwards. The client accepted the work without requiring approval.,worker,The gardener agrees the seasonal outcome with the property owner and chooses the order of tasks on each visit.,"The gardener decides the planting, pruning, and maintenance methods, taking account of the client's preferences.",The client specifies the property but not the hours. Visits are arranged around weather and the gardener's route.,There is no manager or formal reporting line. The gardener sends photographs and an occasional progress note.,12,True,True,True,The gardener returns to correct poor workmanship at their own cost. Replacement plants are chargeable where the failure was caused by the client's instructions.,"The gardener can make a loss through plant mortality, weather delays, fuel costs, or paying a helper more than expected.",worker,The gardener trades under a distinctive local business name and is clearly presented as an outside contractor.,No benefits or training are provided. The gardener manages any helper and works without client supervision.,24,3,False,The gardener maintains several properties and schedules this one alongside them. Other work is routine and expected.,both
ENG-0018,True,True,The consultant asked to use a colleague for a client workshop. Approval was refused because the colleague had not completed the client's security induction.,worker,"The client defines the workshop agenda and required outputs, while the consultant chooses the order of preparation tasks.","The consultant chooses the facilitation techniques and materials, subject to the client's agreed learning objectives.","Workshop dates and venue are fixed by the client, but preparation hours are entirely flexible.",The consultant reports to a programme sponsor at milestone meetings and has no day-to-day manager.,3,True,True,False,The consultant must repeat or amend a workshop where the failure is their responsibility. Travel and preparation for the repeat are normally not charged.,The consultant can lose money if a workshop is cancelled after materials and travel have been booked.,mixed,"They are introduced as an independent facilitator and use their own branded materials, although the client logo appears on the event slides.",There are no benefits or regular training. The client provides a one-hour briefing on internal terminology and policies.,2,0,False,"Only the agreed workshop dates are blocked, leaving substantial capacity for other clients.",both
ENG-0019,False,,No attempt was made. The worker was engaged to provide continuity for a vulnerable service user.,unspecified,The care coordinator sets the visit schedule and prioritises tasks according to the service user's care plan.,"The worker follows the care plan and safeguarding procedures, with some judgment about routine household support.","Visit times and the service user's home are fixed in the rota, including some weekends.","The worker reports to a care supervisor, logs each visit, and attends review calls when requested.",1,False,True,False,The agency arranges a replacement visit or additional support where care is missed. The worker is not charged for that remedial support.,The worker has no significant opportunity to make a loss because they are paid per visit and supply only minor personal items.,mixed,The worker wears an agency identification badge and is introduced to the family as an agency care worker.,"They complete mandatory safeguarding training and receive regular supervision, but do not receive the agency's full employee benefits.",20,2,False,"The rota leaves some free days, but fixed visits and travel between them restrict additional work.",time
ENG-0020,True,False,The contractor used another developer for a small integration task and paid them directly. The client was informed in the completion note and raised no objection.,worker,"The contractor agrees broad features with the client and decides the development sequence, sprint length, and release order.","The contractor selects the programming tools, architecture, testing approach, and working hours.","The engagement is fully remote with no fixed hours, although fortnightly demonstrations are scheduled.","The client has a product contact who reviews demonstrations, but the contractor has no manager or staff reporting line.",5,True,True,True,The contractor fixes defects against the agreed acceptance tests without extra payment. Any subcontractor or additional hosting cost comes out of the contractor's fee.,"The contractor can make a considerable loss if the estimate is wrong, requirements change, or specialist help is needed.",worker,The contractor uses an independent studio name and is shown in project records as an external supplier. They do not receive a client title or staff email address.,"No benefits, training, or supervision are supplied. The client provides access credentials and a product briefing only.",12,2,False,The contractor works on two other software projects and schedules this engagement around agreed demonstrations and releases.,completion
ENG-0021,true,true,"The worker asked to send a colleague for a week in August. The client refused without giving a reason and the worker attended as normal.",worker,"The site manager allocates each day's tasks and sets the order.","The worker follows the client's documented method statements.","Hours are 08:00 to 16:30 on site, Monday to Friday.","Reports to the site manager at the start of each day.",1,false,false,false,"Rework is carried out during normal paid hours at no cost to the worker.","No realistic prospect of making a loss.",client,"Wears the client's branded workwear and appears on the site roster.","Receives the client's safety training and attends team briefings.",26,3,true,"The full-time site hours leave no scope for other work.",time
ENG-0022,true,false,"The clause has never been used in four years. The worker has attended every engagement personally and no substitute has ever been proposed or discussed.",worker,"The worker selects which jobs to take from those offered.","The worker decides the method and sequence of work.","Deadlines are agreed but daily hours are the worker's own.","No manager; liaises with a contract administrator on scope.",4,true,true,true,"Defects are corrected at the worker's own cost under a 12-month warranty.","Could make a loss if materials are underestimated.",worker,"Invoices under the worker's own trading name.","No benefits, training or appraisal from the client.",48,4,false,"No restriction, though the workload has been near continuous.",completion